<?xml version="1.0" encoding="UTF-8"?>
<project-private xmlns="http://www.netbeans.org/ns/project-private/1">
    <editor-bookmarks xmlns="http://www.netbeans.org/ns/editor-bookmarks/2" lastBookmarkId="0"/>
    <open-files xmlns="http://www.netbeans.org/ns/projectui-open-files/2">
        <group>
            <file>file:/E:/Koodit/libclicker/test/com/manabreak/libclicker/GeneratorTest.java</file>
            <file>file:/E:/Koodit/libclicker/src/com/manabreak/libclicker/CurrencyFormatter.java</file>
            <file>file:/E:/Koodit/libclicker/test/com/manabreak/libclicker/ModifierTest.java</file>
            <file>file:/E:/Koodit/libclicker/src/com/manabreak/libclicker/Currency.java</file>
            <file>file:/E:/Koodit/libclicker/src/com/manabreak/libclicker/Modifier.java</file>
            <file>file:/E:/Koodit/libclicker/src/com/manabreak/libclicker/World.java</file>
            <file>file:/E:/Koodit/libclicker/src/com/manabreak/libclicker/PurchaseResult.java</file>
            <file>file:/E:/Koodit/libclicker/test/com/manabreak/libclicker/SerializationTest.java</file>
            <file>file:/E:/Koodit/libclicker/src/com/manabreak/libclicker/Automator.java</file>
            <file>file:/E:/Koodit/libclicker/test/com/manabreak/libclicker/CurrencyFormatterTest.java</file>
            <file>file:/E:/Koodit/libclicker/src/com/manabreak/libclicker/Generator.java</file>
            <file>file:/E:/Koodit/libclicker/test/com/manabreak/libclicker/WorldTest.java</file>
            <file>file:/E:/Koodit/libclicker/test/com/manabreak/libclicker/CurrencyTest.java</file>
        </group>
    </open-files>
</project-private>
