{
	"5,2,-1": {
		"danger": 4,
		"description": "A dark cave",
		"title": "Cave",
		"locationType": "CAVE",
		"coordinate": "5,2,-1"},
	"1,10,-1": {
		"danger": 3,
		"description": "A very long dark corridor",
		"title": "Dark Corridor",
		"locationType": "CAVE",
		"coordinate": "1,10,-1"},
	"5,0,-1": {
		"danger": 5,
		"description": "A dark cave",
		"title": "Cave",
		"locationType": "CAVE",
		"coordinate": "5,0,-1"},
	"1,3,0": {
		"danger": "2",
		"description": "The Ground",
		"title": "Ground",
		"locationType": "PLAINS",
		"coordinate": "1,3,0"},
	"-1,4,0": {
		"danger": "0",
		"description": "The city gates",
		"title": "Gate",
		"locationType": "ROAD",
		"coordinate": "-1,4,0"},
	"0,-1,-1": {
		"danger": 0, 
		"items": ["pmil2"],
		"locationType": "STAIRS",
		"title": "Stairs",
		"description": "Stairs up to the outside world.",
		"coordinate": "0,-1,-1"},
	"1,2,0": {
		"danger": "2",
		"description": "The ground",
		"title": "Ground",
		"locationType": "PLAINS",
		"coordinate": "1,2,0"},
	"7,9,-1": {
		"danger": 4,
		"description": "A large open cave",
		"title": "Cave",
		"locationType": "CAVE",
		"coordinate": "7,9,-1"},
	"2,9,-1": {
		"danger": 3,
		"description": "A very long dark corridor",
		"title": "Dark Corridor",
		"locationType": "CAVE",
		"coordinate": "2,9,-1"},
	"-2,8,-1": {
		"danger": 0,
		"description": "A tunnle to Above",
		"title": "Above",
		"locationType": "STAIRS",
		"coordinate": "-2,8,-1"},
	"1,6,-1": {
		"danger": 3,
		"description": "A very long dark corridor",
		"title": "Dark Corridor",
		"locationType": "CAVE",
		"coordinate": "1,6,-1"},
	"0,1,0": {
		"danger": 1,
		"description": "The ground",
		"title": "Ground",
		"locationType": "PLAINS",
		"coordinate": "0,1,0"},
	"6,2,-1": {
		"danger": 4,
		"description": "A dark cave",
		"title": "Cave",
		"locationType": "CAVE",
		"coordinate": "6,2,-1"},
	"6,4,-1": {
		"danger": 3,
		"description": "A dark cave",
		"title": "Cave",
		"locationType": "CAVE",
		"coordinate": "6,4,-1"},
	"-1,0,0": {
		"danger": 0,
		"description": "The city wall",
		"title": "Wall",
		"locationType": "WALL",
		"coordinate": "-1,0,0"},
	"5,7,-1": {
		"danger": 4,
		"description": "A dark cave",
		"title": "Cave",
		"locationType": "CAVE",
		"coordinate": "5,7,-1"},
	"0,1,-1": {
		"danger": 3,
		"description": "A very long dark corridor.",
		"title": "Dark Corridor",
		"locationType": "CAVE",
		"coordinate": "0,1,-1"},
	"-3,4,-1": {
		"danger": 0, "items": ["wdag1"],
		"locationType": "CAVE",
		"title": "Market Place",
		"description": "The central market place of the underground",
		"coordinate": "-3,4,-1"},
	"1,4,0": {
		"danger": "1",
		"description": "The road to Silliya",
		"title": "Road",
		"locationType": "ROAD",
		"coordinate": "1,4,0"},
	"7,2,-1": {
		"danger": 4,
		"description": "A dark cave",
		"title": "Cave",
		"locationType": "CAVE",
		"coordinate": "7,2,-1"},
	"2,8,-1": {
		"danger": 3,
		"description": "A very long dark corridor",
		"title": "Dark Corridor",
		"locationType": "CAVE",
		"coordinate": "2,8,-1"},
	"-1,1,0": {
		"danger": 0,
		"description": "The city wall",
		"title": "Wall",
		"locationType": "WALL",
		"coordinate": "-1,1,0"},
	"-1,2,0": {
		"danger": "0",
		"description": "The city wall",
		"title": "Wall",
		"locationType": "WALL",
		"coordinate": "-1,2,0"},
	"-3,6,-1": {
		"danger": 3,
		"description": "A very long dark corridor",
		"title": "Dark Corridor",
		"locationType": "CAVE",
		"coordinate": "-3,6,-1"},
	"-1,3,0": {
		"danger": "0",
		"description": "The city wall",
		"title": "Wall",
		"locationType": "WALL",
		"coordinate": "-1,3,0"},
	"1,1,-1": {
		"danger": 3,
		"description": "A very long dark corridor",
		"title": "Dark Corridor",
		"locationType": "CAVE",
		"coordinate": "1,1,-1"},
	"5,10,-1": {
		"danger": 5,
		"description": "A large open cave",
		"title": "Cave",
		"locationType": "CAVE",
		"coordinate": "5,10,-1"},
	"5,9,-1": {
		"danger": 1,
		"description": "A long dark corridor",
		"title": "Dark corridor",
		"locationType": "CAVE",
		"coordinate": "5,9,-1"},
	"-1,10,-1": {
		"danger": "2",
		"description": "A long dark corridor",
		"title": "Dark Corridor",
		"npcs": ["syndicatemember"],
		"locationType": "CAVE",
		"coordinate": "-1,10,-1"},
	"-1,5,0": {
		"danger": "0",
		"description": "The city gates",
		"title": "Gate",
		"locationType": "ROAD",
		"coordinate": "-1,5,0"},
	"0,6,-1": {
		"danger": 3,
		"description": "A very long dark corridor",
		"title": "Dark Corridor",
		"locationType": "CAVE",
		"coordinate": "0,6,-1"},
	"0,6,0": {
		"danger": "1",
		"description": "The ground",
		"title": "Ground",
		"locationType": "PLAINS",
		"coordinate": "0,6,0"},
	"0,4,0": {
		"danger": "1",
		"description": "The main street",
		"title": "Road",
		"locationType": "ROAD",
		"coordinate": "0,4,0"},
	"0,4,-1": {
		"danger": 1, "title": "Underground Entrance",
		"locationType": "CAVE",
		"items": ["tlap1"],
		"description": "The entrance to Silliya's Underground Society",
		"coordinate": "0,4,-1"},
	"6,0,-1": {
		"danger": 5,
		"description": "A large lair of some unknown creature",
		"title": "Lair",
		"locationType": "CAVE",
		"coordinate": "6,0,-1"},
	"-4,4,-1": {
		"danger": 0,
		"description": "The headquaters of the Thieve's Guild",
		"title": "Thieves' Guild",
		"locationType": "CAVE",
		"coordinate": "-4,4,-1"},
	"-1,7,0": {
		"danger": "0",
		"description": "The city wall",
		"title": "Wall",
		"locationType": "WALL",
		"coordinate": "-1,7,0"},
	"0,-1,0": {
		"danger": 0,
		"description": "The entrance to a cave",
		"title": "Cave Mouth",
		"locationType": "STAIRS",
		"coordinate": "0,-1,0"},
	"2,3,-1": {
		"danger": 2,
		"description": "The headquarters of the infamous Brotherhood Gang",
		"title": "The Brotherhood Gang's Base",
		"locationType": "CAVE",
		"coordinate": "2,3,-1"},
	"-3,5,-1": {
		"danger": 3,
		"description": "A very long dark corridor",
		"title": "Dark Corridor",
		"locationType": "CAVE",
		"coordinate": "-3,5,-1"},
	"4,3,-1": {
		"danger": 3,
		"description": "A dark cave",
		"title": "Cave",
		"locationType": "CAVE",
		"coordinate": "4,3,-1"},
	"1,6,0": {
		"danger": "2",
		"description": "The ground",
		"title": "Ground",
		"locationType": "PLAINS",
		"coordinate": "1,6,0"},
	"6,9,-1": {
		"danger": 2,
		"description": "A dark cave",
		"title": "Cave",
		"locationType": "CAVE",
		"coordinate": "6,9,-1"},
	"-1,3,-1": {
		"danger": "3",
		"description": "A long dark corridor",
		"title": "Dark Corridor",
		"locationType": "CAVE",
		"coordinate": "-1,3,-1"},
	"6,5,-1": {
		"danger": 3,
		"description": "A dark cave",
		"title": "Cave",
		"locationType": "CAVE",
		"coordinate": "6,5,-1"},
	"0,2,0": {
		"danger": 1,
		"description": "The ground",
		"title": "Ground",
		"locationType": "PLAINS",
		"coordinate": "0,2,0"},
	"-1,6,0": {
		"danger": "0",
		"description": "The city wall",
		"title": "Wall",
		"locationType": "WALL",
		"coordinate": "-1,6,0"},
	"4,10,-1": {
		"danger": 5,
		"description": "A large open cave",
		"title": "Cave",
		"locationType": "CAVE",
		"coordinate": "4,10,-1"},
	"5,4,-1": {
		"danger": 3,
		"description": "A dark cave",
		"title": "Cave",
		"locationType": "CAVE",
		"coordinate": "5,4,-1"},
	"0,5,0": {
		"danger": "1",
		"description": "The road to Silliya",
		"title": "Road",
		"locationType": "ROAD",
		"coordinate": "0,5,0"},
	"2,6,-1": {
		"danger": 3,
		"description": "A very long dark corridor",
		"title": "Dark Corridor",
		"locationType": "CAVE",
		"coordinate": "2,6,-1"},
	"-2,10,-1": {
		"danger": "1",
		"title": "The Syndicate Gang's Base",
		"locationType": "CAVE",
		"items": ["wdag1"],
		"description": "The headquaters of the infamous Syndicate Gang",
		"coordinate": "-2,10,-1"},
	"0,0,0": {
		"danger": 1,
		"description": "The ground",
		"title": "Ground",
		"locationType": "PLAINS",
		"coordinate": "0,0,0"},
	"0,2,-1": {
		"danger": 3,
		"description": "A very long dark corridor",
		"title": "Dark Corridor",
		"locationType": "CAVE",
		"coordinate": "0,2,-1"},
	"1,5,0": {
		"danger": "0",
		"description": "The road to Silliya",
		"title": "Road",
		"locationType": "ROAD",
		"coordinate": "1,5,0"},
	"4,2,-1": {
		"danger": 3,
		"description": "A dark cave",
		"title": "Cave",
		"locationType": "CAVE",
		"coordinate": "4,2,-1"},
	"7,10,-1": {
		"danger": 1,
		"description": "A way out",
		"title": "Underground Entrance",
		"locationType": "CAVE",
		"coordinate": "7,10,-1"},
	"-2,3,-1": {
		"danger": "3",
		"description": "A dark corridor",
		"title": "Dark Corridor",
		"locationType": "CAVE",
		"coordinate": "-2,3,-1"},
	"7,6,-1": {
		"danger": 4,
		"description": "A dark cave",
		"title": "Cave",
		"locationType": "CAVE",
		"coordinate": "7,6,-1"},
	"2,7,-1": {
		"danger": 3,
		"description": "A very long dark corridor",
		"title": "Dark Corridor",
		"locationType": "CAVE",
		"coordinate": "2,7,-1"},
	"4,4,-1": {
		"danger": 3,
		"description": "A dark cave",
		"title": "Cave",
		"locationType": "CAVE",
		"coordinate": "4,4,-1"},
	"2,2,-1": {
		"danger": 3, 
		"npcs": ["brotherhoodmember"],
		"title": "Dark Corridor",
		"locationType": "CAVE",
		"description": "A very long dark corridor",
		"coordinate": "2,2,-1"},
	"5,1,-1": {
		"danger": 4,
		"description": "A dark cave",
		"title": "Cave",
		"locationType": "CAVE",
		"coordinate": "5,1,-1"},
	"1,7,0": {
		"danger": "2",
		"description": "The ground",
		"title": "Ground",
		"locationType": "PLAINS",
		"coordinate": "1,7,0"},
	"6,6,-1": {
		"danger": 3,
		"description": "A dark cave",
		"title": "Cave",
		"locationType": "CAVE",
		"coordinate": "6,6,-1"},
	"2,1,-1": {
		"danger": 3,
		"description": "A very long dark corridor",
		"title": "Dark Corridor",
		"locationType": "CAVE",
		"coordinate": "2,1,-1"},
	"-2,6,-1": {
		"danger": 3,
		"description": "A very long dark corridor",
		"title": "Dark Corridor",
		"locationType": "CAVE",
		"coordinate": "-2,6,-1"},
	"0,7,0": {
		"danger": "1",
		"description": "The ground",
		"title": "Ground",
		"locationType": "PLAINS",
		"coordinate": "0,7,0"},
	"0,3,-1": {
		"danger": 3,
		"description": "A very long dark corridor",
		"title": "Dark Corridor",
		"locationType": "CAVE",
		"coordinate": "0,3,-1"},
	"0,10,-1": {
		"danger": 5,
		"description": "The battle arena",
		"title": "Arena",
		"locationType": "CAVE",
		"coordinate": "0,10,-1"},
	"-2,2,-1": {
		"danger": "4",
		"title": "Cave",
		"locationType": "CAVE",
		"items": ["wspe1"],
		"description": "A large open cave",
		"coordinate": "-2,2,-1"},
	"0,3,0": {
		"danger": "1",
		"description": "The ground",
		"title": "Ground",
		"locationType": "PLAINS",
		"coordinate": "0,3,0"},
	"6,8,-1": {
		"danger": 2,
		"description": "A dark cave",
		"title": "Cave",
		"locationType": "CAVE",
		"coordinate": "6,8,-1"},
	"0,0,-1": {
		"danger": 0, 
		"npcs": ["guide"],
		"items": ["wshi1"],
		"locationType": "CAVE",
		"title": "First Location Ever",
		"description": "You are in a massive empty room.",
		"coordinate": "0,0,-1"},
	"1,0,-1":{
		"danger": 0,
		"items": [katana],
		"locationType": "CAVE",
		"title": "Dark Alcove",
		"description": "You see a pile of bones. Might be some equipment there.",
		"coordinate": "1,0,-1"},
	"0,5,-1": {
		"danger": 3,
		"description": "A very long dark corridor",
		"title": "Dark Corridor",
		"locationType": "CAVE",
		"coordinate": "0,5,-1"},
	"0,8,0": {
		"danger": "1",
		"description": "The ground",
		"title": "Ground",
		"locationType": "PLAINS",
		"coordinate": "0,8,0"},
	"4,9,-1": {
		"danger": 4,
		"description": "A large open cave",
		"title": "Cave",
		"locationType": "CAVE",
		"coordinate": "4,9,-1"},
	"-1,6,-1": {
		"danger": 3,
		"description": "A very long dark corridor",
		"title": "Dark Corridor",
		"locationType": "CAVE",
		"coordinate": "-1,6,-1"},
	"6,7,-1": {
		"danger": 3,
		"description": "A dark cave",
		"title": "Cave",
		"locationType": "CAVE",
		"coordinate": "6,7,-1"},
	"-2,7,-1": {
		"danger": 3,
		"description": "A very long dark corridor",
		"title": "Dark Corridor",
		"locationType": "CAVE",
		"coordinate": "-2,7,-1"},
	"1,0,0": {
		"danger": 1,
		"description": "The ground",
		"title": "Ground",
		"locationType": "PLAINS",
		"coordinate": "1,0,0"},
	"2,10,-1": {
		"danger": 2, "title": "Underground Amphitheatre",
		"locationType": "CAVE",
		"items": ["wshs1"],
		"description": "The central hub of the underground",
		"coordinate": "2,10,-1"}
}
